step,handy-end,set,handy-mid,ratio
500000,6.05E-03,8.70E-04,9.70E-04,6.237113402
700000,2.95E-03,3.97E-04,4.58E-04,6.441048035
900000,1.46E-03,1.98E-04,2.22E-04,6.576576577
1100000,8.70E-04,1.08E-04,1.40E-04,6.214285714
1400000,4.90E-04,6.60E-05,8.20E-05,5.975609756